penalty,mixture,.metric,.estimator,mean,n,std_err,.config
0.07742636826811278,0.1111111111111111,j_index,binary,0.5272465700393073,5,0.02146852552589387,pre0_mod072_post0
