trees,min_n,tree_depth,learn_rate,loss_reduction,sample_size,.metric,.estimator,mean,n,std_err,.config,.iter
163,36,6,0.0011597683200478429,9.495124930594275e-7,0.6038648678634548,j_index,binary,0.5236563534297495,5,0.03693723202289528,iter14,14
